/**************************************************

File: barber-dml.sql
Author: Andrew Briden
Description: DML SQL file to seed barbershop.db 
Date: 05/01/23

**************************************************/

-- INSERT statements for barber table
INSERT INTO barber (barber_id, name)
VALUES 
    (1, 'John Lennon'),
    (2, 'Paul McCartney'),
    (3, 'George Harrison'),
    (4, 'Ringo Starr');


-- INSERT statements for customers table
INSERT INTO customer (customer_id, name, email, phone)
VALUES
(1, 'Freddie Mercury', 'fmercury@music.com', '555-1234'),
(2, 'David Bowie', 'dbowie@music.com', '555-5678'),
(3, 'Elvis Presley', 'epresley@music.com', '555-9012'),
(4, 'Bob Dylan', 'bdylan@music.com', '555-3456'),
(5, 'John Lennon', 'jlennon@music.com', '555-7890'),
(6, 'Paul McCartney', 'pmccartney@music.com', '555-2345'),
(7, 'Mick Jagger', 'mjagger@music.com', '555-6789'),
(8, 'Keith Richards', 'krichards@music.com', '555-0123'),
(9, 'George Harrison', 'gharrison@music.com', '555-4567'),
(10, 'Bruce Springsteen', 'bspringsteen@music.com', '555-8901'),
(11, 'Billy Joel', 'bjoel@music.com', '555-2345'),
(12, 'Stevie Wonder', 'swonder@music.com', '555-6789'),
(13, 'Phil Collins', 'pcollins@music.com', '555-0123'),
(14, 'Eric Clapton', 'eclapton@music.com', '555-4567'),
(15, 'John Bon Jovi', 'jbjovi@music.com', '555-8901'),
(16, 'Kurt Cobain', 'kcobain@music.com', '555-1234'),
(17, 'Eddie Vedder', 'evedder@music.com', '555-5678'),
(18, 'Anthony Kiedis', 'akiedis@music.com', '555-9012'),
(19, 'Bono', 'bono@music.com', '555-3456'),
(20, 'Robert Plant', 'rplant@music.com', '555-7890'),
(21, 'Roger Daltrey', 'rdaltrey@music.com', '555-2345'),
(22, 'Pete Townshend', 'ptownshend@music.com', '555-6789'),
(23, 'Steve Perry', 'sperry@music.com', '555-0123'),
(24, 'Axl Rose', 'arose@music.com', '555-4567'),
(25, 'Ozzy Osbourne', 'oosbourne@music.com', '555-8901');

-- INSERT statements for services table

INSERT INTO service (service_id, name, price)
VALUES
    (1, 'Haircut', 25.00),
    (2, 'Beard Trim', 15.00),
    (3, 'Shave', 20.00);


-- INSERT statements for products table
INSERT INTO product (product_id, name, description, per_use_price)
VALUES
    (1, 'Hair Gel', 'Gentle cleansing shampoo for all hair types', 3.00),
    (2, 'Shampoo', 'Hydrating conditioner for dry or damaged hair', 4.00),
    (3, 'Shaving Gel', 'Strong hold hair gel for all hair types', 5.00);

-- INSERT statements for payment table
INSERT INTO payment (payment_id, amount, type, appointment_id) 
VALUES 
(1, 25, 'card', 1),
(2, 15, 'cash', 2),
(3, 20, 'card', 3),
(4, 25, 'cash', 4),
(5, 15, 'card', 5),
(6, 20, 'cash', 6),
(7, 25, 'card', 7),
(8, 15, 'cash', 8),
(9, 20, 'card', 9),
(10, 25, 'cash', 10),
(11, 15, 'card', 11),
(12, 20, 'cash', 12),
(13, 25, 'card', 13),
(14, 15, 'cash', 14),
(15, 20, 'card', 15),
(16, 25, 'cash', 16),
(17, 15, 'card', 17),
(18, 20, 'cash', 18),
(19, 25, 'card', 19),
(20, 15, 'cash', 20),
(21, 20, 'card', 21),
(22, 25, 'cash', 22),
(23, 15, 'card', 23),
(24, 20, 'cash', 24),
(25, 25, 'card', 25),
(26, 15, 'cash', 26),
(27, 20, 'card', 27),
(28, 25, 'cash', 28),
(29, 15, 'card', 29),
(30, 20, 'cash', 30),
(31, 25, 'card', 31),
(32, 15, 'cash', 32),
(33, 20, 'card', 33),
(34, 25, 'cash', 34),
(35, 15, 'card', 35),
(36, 20, 'cash', 36),
(37, 25, 'card', 37),
(38, 15, 'cash', 38),
(39, 20, 'card', 39),
(40, 25, 'cash', 40),
(41, 15, 'card', 41),
(42, 20, 'cash', 42),
(43, 25, 'card', 43),
(44, 15, 'cash', 44),
(45, 20, 'card', 45),
(46, 20, 'card', 46),
(47, 15, 'cash', 47),
(48, 20, 'card', 48),
(49, 25, 'cash', 49),
(50, 15, 'card', 50),
(51, 20, 'cash', 51),
(52, 25, 'card', 52),
(53, 15, 'cash', 53),
(54, 20, 'card', 54),
(55, 25, 'cash', 55),
(56, 15, 'card', 56),
(57, 20, 'cash', 57),
(58, 25, 'card', 58),
(59, 15, 'cash', 59),
(60, 20, 'card', 60),
(61, 25, 'cash', 61),
(62, 15, 'card', 62),
(63, 20, 'cash', 63),
(64, 25, 'card', 64),
(65, 15, 'cash', 65),
(66, 20, 'card', 66),
(67, 25, 'cash', 67),
(68, 15, 'card', 68),
(69, 20, 'cash', 69),
(70, 25, 'card', 70);

-- INSERT statements for feedback table
INSERT INTO feedback (feedback_id, rating, comment, appointment_id)
VALUES
(1, 4, 'Great!', 1),
(2, 3, 'Okay', 2),
(3, 5, 'Excellent', 3),
(4, 2, 'Poor', 4),
(5, 4, 'Satisfied', 5),
(6, 5, 'Amazing', 6),
(7, 3, 'Fair', 7),
(8, 4, 'Good', 8),
(9, 2, 'Bad', 9),
(10, 5, 'Awesome', 10),
(11, 3, 'Meh', 11),
(12, 4, 'Fine', 12),
(13, 5, 'Perfect', 13),
(14, 2, 'Not good', 14),
(15, 4, 'Very good', 15),
(16, 5, 'Superb', 16),
(17, 3, 'Not bad', 17),
(18, 4, 'Nice', 18),
(19, 2, 'Terrible', 19),
(20, 5, 'Fantastic', 20),
(21, 3, 'So-so', 21),
(22, 4, 'Great!', 22),
(23, 5, 'Perfect', 23),
(24, 2, 'Disappointed', 24),
(25, 4, 'Satisfied', 25),
(26, 5, 'Excellent', 26),
(27, 3, 'Okay', 27),
(28, 4, 'Good', 28),
(29, 2, 'Poor', 29),
(30, 5, 'Amazing', 30),
(31, 3, 'Fair', 31),
(32, 4, 'Fine', 32),
(33, 5, 'Awesome', 33),
(34, 2, 'Bad', 34),
(35, 4, 'Very good', 35),
(36, 5, 'Superb', 36),
(37, 3, 'Not bad', 37),
(38, 4, 'Nice', 38),
(39, 2, 'Terrible', 39),
(40, 5, 'Fantastic', 40),
(41, 3, 'So-so', 41),
(42, 4, 'Great!', 42),
(43, 5, 'Excellent', 43),
(44, 2, 'Disappointed', 44),
(45, 4, 'Good', 45),
(46, 5, 'Awesome', 46),
(47, 3, 'Good', 47),
(48, 2, 'Meh', 48),
(49, 4, 'Nice', 49),
(50, 1, 'Bad', 50),
(51, 5, 'Great', 51),
(52, 2, 'Okay', 52),
(53, 3, 'Fine', 53),
(54, 4, 'Cool', 54),
(55, 1, 'Terrible', 55),
(56, 5, 'Excellent', 56),
(57, 4, 'Good', 57),
(58, 3, 'Fine', 58),
(59, 2, 'Meh', 59),
(60, 1, 'Bad', 60),
(61, 5, 'Awesome', 61),
(62, 3, 'Good', 62),
(63, 2, 'Meh', 63),
(64, 4, 'Nice', 64),
(65, 1, 'Terrible', 65),
(66, 5, 'Great', 66),
(67, 2, 'Okay', 67),
(68, 3, 'Fine', 68),
(69, 4, 'Cool', 69),
(70, 1, 'Bad', 70);

-- INSERT statements for Loyalty membership table
INSERT INTO loyalty_membership (customer_id, start_date, points)
VALUES
(1, '2022-01-01', 300),
(2, '2022-01-02', 300),
(3, '2022-01-03', 300),
(4, '2022-01-04', 300),
(5, '2022-01-05', 200),
(6, '2022-01-06', 200),
(7, '2022-01-07', 200),
(8, '2022-01-08', 200),
(9, '2022-01-09', 200),
(10, '2022-01-10', 200),
(11, '2022-01-11', 200),
(12, '2022-01-12', 200),
(13, '2022-01-13', 200),
(14, '2022-01-14', 200),
(15, '2022-01-15', 200),
(16, '2022-01-16', 200),
(17, '2022-01-17', 200),
(18, '2022-01-18', 200),
(19, '2022-01-19', 200),
(20, '2022-01-20', 200),
(21, '2022-01-21', 100),
(22, '2022-01-22', 100),
(23, '2022-01-23', 100),
(24, '2022-01-24', 100),
(25, '2022-01-25', 100);
   

--INSERT statements for Appointment table
INSERT INTO appointment (appointment_id, appointment_date, appointment_time, customer_id, barber_id, service_id)
VALUES
(1, '2022-01-05', '10:00:00', 1, 1, 1),
(2, '2022-02-10', '13:30:00', 2, 2, 2),
(3, '2022-03-15', '11:45:00', 3, 3, 3),
(4, '2022-04-20', '14:15:00', 4, 4, 1),
(5, '2022-05-25', '15:30:00', 5, 1, 2),
(6, '2022-06-30', '12:00:00', 6, 2, 3),
(7, '2022-07-05', '11:00:00', 7, 3, 1),
(8, '2022-08-10', '13:45:00', 8, 4, 2),
(9, '2022-09-15', '16:00:00', 9, 1, 3),
(10, '2022-10-20', '14:30:00', 10, 2, 1),
(11, '2022-11-25', '10:15:00', 11, 3, 2),
(12, '2022-12-30', '12:30:00', 12, 4, 3),
(13, '2022-01-10', '09:30:00', 13, 1, 1),
(14, '2022-02-15', '14:00:00', 14, 2, 2),
(15, '2022-03-20', '16:15:00', 15, 3, 3),
(16, '2022-04-25', '10:45:00', 16, 4, 1),
(17, '2022-05-30', '11:30:00', 17, 1, 2),
(18, '2022-06-05', '13:00:00', 18, 2, 3),
(19, '2022-07-10', '15:45:00', 19, 3, 1),
(20, '2022-08-15', '16:30:00', 20, 4, 2),
(21, '2022-09-20', '12:15:00', 21, 1, 3),
(22, '2022-10-25', '09:45:00', 22, 2, 1),
(23, '2022-11-30', '14:30:00', 23, 3, 2),
(24, '2022-12-05', '15:15:00', 24, 4, 3),
(25, '2022-01-15', '11:00:00', 25, 1, 1),
(26, '2022-02-05', '15:00:00', 1, 2, 2),
(27, '2022-03-10', '11:00:00', 2, 3, 1),
(28, '2022-04-15', '13:45:00', 3, 4, 3),
(29, '2022-05-20', '10:30:00', 4, 1, 2),
(30, '2022-06-25', '14:00:00', 5, 2, 1),
(31, '2022-07-30', '15:30:00', 6, 3, 3),
(32, '2022-08-05', '12:45:00', 7, 4, 2),
(33, '2022-09-10', '09:00:00', 8, 1, 3),
(34, '2022-10-15', '13:15:00', 9, 2, 1),
(35, '2022-11-20', '16:00:00', 10, 3, 2),
(36, '2022-12-25', '11:45:00', 11, 4, 3),
(37, '2022-02-07', '12:00:00', 12, 1, 1),
(38, '2022-03-12', '14:15:00', 13, 2, 2),
(39, '2022-04-17', '10:45:00', 14, 3, 3),
(40, '2022-05-22', '11:30:00', 15, 4, 1),
(41, '2022-06-27', '13:00:00', 16, 1, 2),
(42, '2022-08-01', '15:45:00', 17, 2, 3),
(43, '2022-09-05', '16:30:00', 18, 3, 1),
(44, '2022-10-10', '12:15:00', 19, 4, 2),
(45, '2022-11-15', '09:45:00', 20, 1, 3),
(46, '2022-11-25', '09:00:00', 20, 1, 3),
(47, '2022-12-30', '13:15:00', 21, 2, 1),
(48, '2022-01-05', '16:00:00', 22, 3, 2),
(49, '2022-02-10', '11:45:00', 23, 4, 3),
(50, '2022-03-15', '12:30:00', 24, 1, 1),
(51, '2022-04-20', '14:00:00', 25, 2, 2),
(52, '2022-05-25', '10:15:00', 1, 3, 3),
(53, '2022-06-30', '12:30:00', 2, 4, 1),
(54, '2022-07-05', '16:45:00', 3, 1, 2),
(55, '2022-08-10', '11:00:00', 4, 2, 3),
(56, '2022-09-15', '14:15:00', 5, 3, 1),
(57, '2022-10-20', '10:30:00', 6, 4, 2),
(58, '2022-11-25', '13:45:00', 7, 1, 3),
(59, '2022-12-30', '15:00:00', 8, 2, 1),
(60, '2022-01-10', '11:15:00', 9, 3, 2),
(61, '2022-02-15', '14:30:00', 10, 4, 3),
(62, '2022-03-20', '16:45:00', 11, 1, 1),
(63, '2022-04-25', '12:00:00', 12, 2, 2),
(64, '2022-05-30', '14:15:00', 13, 3, 3),
(65, '2022-07-10', '10:30:00', 14, 4, 1),
(66, '2022-08-15', '12:45:00', 15, 1, 2),
(67, '2022-09-20', '15:00:00', 16, 2, 3),
(68, '2022-10-25', '11:15:00', 17, 3, 1),
(69, '2022-11-30', '14:30:00', 18, 4, 2),
(70, '2022-12-30', '16:45:00', 19, 1, 3);
